<?xml  version="1.0" encoding="UTF-8"?>
<beans xmlns="http://www.springframework.org/schema/beans"
	xmlns:xsi="http://www.w3.org/2001/XMLSchema-instance" xmlns:context="http://www.springframework.org/schema/context"
	xmlns:tx="http://www.springframework.org/schema/tx"
	xmlns:mvc="http://www.springframework.org/schema/mvc"
	xsi:schemaLocation="http://www.springframework.org/schema/beans
http://www.springframework.org/schema/beans/spring-beans-3.0.xsd
http://www.springframework.org/schema/context
http://www.springframework.org/schema/context/spring-context-3.0.xsd
http://www.springframework.org/schema/tx
http://www.springframework.org/schema/tx/spring-tx-3.0.xsd">

<!-- http://www.springframework.org/schema/mvc
http://www.springframework.org/schema/mvc/spring-mvc.xsd">  -->


    
    
	<context:annotation-config></context:annotation-config>
	<context:component-scan base-package="com"></context:component-scan>	
    

	<bean id="jspViewResolver"	class="org.springframework.web.servlet.view.InternalResourceViewResolver">
		<property name="viewClass"	value="org.springframework.web.servlet.view.JstlView" />
		<property name="prefix" value="/WEB-INF/jsp/" />
		<property name="suffix" value=".jsp" />
	</bean>
  
 <bean id="multipartResolver" class="org.springframework.web.multipart.commons.CommonsMultipartResolver">
 <!-- setting maximum upload size -->
		<property name="maxUploadSize" value="10000000" />
 </bean>
 
 <!-- <mvc:resources mapping="/resources/**" location="/resources/" /> -->
 
 <!-- <mvc:resources location="/resources/css/**" mapping="/css/"></mvc:resources>
 <mvc:resources mapping="/css/**" location="/css/" />
  <mvc:resources mapping="/img/**" location="/img/" />   
  -->
 
 </beans>